patent_number	pdf_link
US-20090023930-A1	https://patentimages.storage.googleapis.com/43/c6/fd/fbc690ef23ac67/US20090023930A1.pdf
EP-1904461-A2	{'error': 'pdf_url not found'}
EP-1921067-A1	https://patentimages.storage.googleapis.com/12/e0/b8/ae6f77651609cc/EP1921067A1.pdf
EP-1716134-A1	{'error': 'pdf_url not found'}
EP-1556371-B1	https://patentimages.storage.googleapis.com/e0/04/cc/6e98abe6fdd1ae/EP1556371B1.pdf
EP-1716143-A1	{'error': 'pdf_url not found'}
WO-2006001031-A1	https://patentimages.storage.googleapis.com/66/88/d9/3b263bea663914/WO2006001031A1.pdf
WO-2006056783-A2	https://patentimages.storage.googleapis.com/70/23/df/e6c554dea8d5b9/WO2006056783A2.pdf
US-20060148794-A1	https://patentimages.storage.googleapis.com/27/32/9e/5cebd4c85a00b3/US20060148794A1.pdf
US-7071349-B2	https://patentimages.storage.googleapis.com/e2/35/78/733881d3630ef5/US7071349.pdf
WO-2009051265-A2	https://patentimages.storage.googleapis.com/15/f9/72/bc4aa639d9eb27/WO2009051265A2.pdf
EP-1948155-A2	{'error': 'pdf_url not found'}
EP-1700122-A4	{'error': 'pdf_url not found'}
WO-2006138518-A1	https://patentimages.storage.googleapis.com/4d/0d/93/023bfc2d0b922c/WO2006138518A1.pdf
US-20110117225-A1	https://patentimages.storage.googleapis.com/b9/62/25/79e6bf8f4db05a/US20110117225A1.pdf
EP-2327784-A2	https://patentimages.storage.googleapis.com/4a/2e/65/e05f11edeb4193/EP2327784A2.pdf
US-20090163588-A1	https://patentimages.storage.googleapis.com/ef/55/b5/ff0f9bf8548eec/US20090163588A1.pdf
US-20090110703-A1	https://patentimages.storage.googleapis.com/c9/a2/b3/e9d017cdb00e0a/US20090110703A1.pdf
EP-1639085-A2	{'error': 'pdf_url not found'}
US-4128540-A	https://patentimages.storage.googleapis.com/37/b7/c4/8c9f602e2a38bf/US4128540.pdf
US-4032639-A	https://patentimages.storage.googleapis.com/85/bb/fd/0f45e32b2d9442/US4032639.pdf
EP-1638492-A4	{'error': 'pdf_url not found'}
US-20060121064-A1	https://patentimages.storage.googleapis.com/48/98/af/c6881d4fa4fe3e/US20060121064A1.pdf
US-20050176815-A1	https://patentimages.storage.googleapis.com/78/18/37/0f56eb6c0d1203/US20050176815A1.pdf
US-7955603-B2	https://patentimages.storage.googleapis.com/01/50/55/837663c1bc2fc5/US7955603.pdf
WO-2008121616-A2	https://patentimages.storage.googleapis.com/ec/28/dd/dc339b51cf4200/WO2008121616A2.pdf
US-7557196-B2	https://patentimages.storage.googleapis.com/31/87/e4/aaf182a9e404ff/US7557196.pdf
EP-1274406-B1	https://patentimages.storage.googleapis.com/0a/90/3d/fec7d78bfbbdb6/EP1274406B1.pdf
EP-1471906-A4	{'error': 'pdf_url not found'}
US-20060228416-A1	https://patentimages.storage.googleapis.com/c6/42/08/ca66da8a06665c/US20060228416A1.pdf
US-7056497-B2	https://patentimages.storage.googleapis.com/d6/02/54/be897e7aac48c7/US7056497.pdf
US-6866843-B2	https://patentimages.storage.googleapis.com/ed/63/3a/c482c016cc5490/US6866843.pdf
US-4062949-A	https://patentimages.storage.googleapis.com/0e/97/5d/592e126ebf60ec/US4062949.pdf
WO-2009006203-A1	https://patentimages.storage.googleapis.com/18/4e/71/d2d24d0f60fa83/WO2009006203A1.pdf
JP-3778559-B2	https://patentimages.storage.googleapis.com/5a/08/d4/a6aea9389bc650/JP3778559B2.pdf
US-20050066987-A1	https://patentimages.storage.googleapis.com/44/47/a2/097b5a57a9f603/US20050066987A1.pdf
WO-2006012642-A3	https://patentimages.storage.googleapis.com/dd/ea/ae/ada17440196d05/WO2006012642A3.pdf
EP-0271404-A3	https://patentimages.storage.googleapis.com/49/a1/7f/ab743ec883509a/EP0271404A3.pdf
US-20060034915-A1	https://patentimages.storage.googleapis.com/25/c9/e4/2a149e80e49f36/US20060034915A1.pdf
WO-2006076455-A3	https://patentimages.storage.googleapis.com/f5/f9/e7/9c03644565d71a/WO2006076455A3.pdf
